Restaurant,External restaurant ID,Country,Country code,City,Order ID,Order UUID,Date ordered,Time customer ordered,Rating date,Rating time,Rating type,Rating value,Rating tags,Comment,Fulfilment Type,Order Channel,Eats Brand
Wing Shack Co - Maidstone,,United Kingdom,GBR,Brighton and Sussex,1235A,ed360c70-f3f4-5e61-b81b-8d6f0c14a957,2025-05-02,2025-05-02 17:48:13.000,2025-05-02,2025-05-02 18:26:24.000,consumer_to_merchant,1,,Found a hair in my food. So disappointed. Have to throw it out.,Delivery,iOS,Uber Eats
Wing Shack (Midland Road LU2),,United Kingdom,GBR,London,2F28E,52da88d7-40d4-57f2-8891-39665b04ebe0,2025-05-03,2025-05-03 00:51:18.000,2025-05-03,2025-05-03 01:30:53.000,consumer_to_merchant,5,restaurant_store_accommodating,,Delivery,iOS,Uber Eats
Wing Shack Co - Maidstone,,United Kingdom,GBR,Brighton and Sussex,54395,3a425590-d4dd-5d92-8586-c47e8d4ed0f2,2025-05-03,2025-05-03 18:42:41.000,2025-05-03,2025-05-03 19:59:21.000,consumer_to_merchant,5,,,Delivery,iOS,Uber Eats
Wing Shack Co,,United Kingdom,GBR,London,6135C,b65876f0-d8fa-544d-8c8e-965ce2b0c6a5,2025-05-02,2025-05-02 20:41:54.000,2025-05-03,2025-05-03 00:12:44.000,consumer_to_merchant,5,,,Delivery,iOS,Uber Eats
Wing Shack Co,,United Kingdom,GBR,London,79572,580e7650-3dc8-5c35-a383-91af96ecff65,2025-05-03,2025-05-03 15:42:11.000,2025-05-03,2025-05-03 16:45:32.000,consumer_to_merchant,1,restaurant_not_tasty,,Delivery,iOS,Uber Eats
Wing Shack Co,,United Kingdom,GBR,London,98DBE,fa8b2546-26fb-5cc0-b39f-0d04e71aa613,2025-05-02,2025-05-02 19:39:26.000,2025-05-03,2025-05-03 08:46:24.000,consumer_to_merchant,4,,,Delivery,iOS,Uber Eats
Wing Shack (Midland Road LU2),,United Kingdom,GBR,London,A922D,ccc2106c-ade9-5ff4-871e-010dc2f575e8,2025-05-03,2025-05-03 15:24:26.000,2025-05-03,2025-05-03 16:03:43.000,consumer_to_merchant,5,,,Delivery,Android,Uber Eats
Wing Shack (Midland Road LU2),,United Kingdom,GBR,London,B5374,d832a502-5588-52ac-9612-f53defa0f1c6,2025-05-08,2025-05-08 21:59:53.000,2025-05-08,2025-05-08 22:32:47.000,consumer_to_merchant,5,,,Delivery,iOS,Uber Eats
Wing Shack Co - Maidstone,,United Kingdom,GBR,Brighton and Sussex,FED46,1e679ad9-14dd-5659-9c54-4ddb680086b4,2025-05-07,2025-05-07 12:27:57.000,2025-05-09,2025-05-09 15:12:35.000,consumer_to_merchant,5,,,Delivery,iOS,Uber Eats
Wing Shack Co - Maidstone,,United Kingdom,GBR,Brighton and Sussex,09A23,5e120aae-a7e9-52da-ba8e-27fe1367aac9,2025-05-09,2025-05-09 17:21:20.000,2025-05-10,2025-05-10 10:57:00.000,consumer_to_merchant,5,,,Delivery,Android,Uber Eats
Wing Shack Co,,United Kingdom,GBR,London,E15BA,8498767e-b7b5-5113-9488-393069412230,2025-04-29,2025-04-29 18:29:04.000,2025-05-10,2025-05-10 10:52:36.000,consumer_to_merchant,5,,,Delivery,iOS,Uber Eats
Wing Shack (Midland Road LU2),,United Kingdom,GBR,London,7D42C,3b8f66b6-d504-564d-a219-2de83eca71d1,2025-05-10,2025-05-10 22:01:38.000,2025-05-11,2025-05-11 15:41:22.000,consumer_to_merchant,5,,,Delivery,iOS,Uber Eats
Wing Shack (Midland Road LU2),,United Kingdom,GBR,London,9B385,f1255b95-1023-5cb3-9476-392322c1cc7e,2025-05-12,2025-05-12 18:49:55.000,2025-05-12,2025-05-12 20:07:10.000,consumer_to_merchant,1,,,Delivery,iOS,Uber Eats
Wing Shack (Midland Road LU2),,United Kingdom,GBR,London,CEAC4,7cbfa58c-9f2d-5527-9db9-2f9c68a00aec,2025-05-12,2025-05-12 21:52:31.000,2025-05-12,2025-05-12 22:26:53.000,consumer_to_merchant,1,restaurant_not_worth_price,,Delivery,Android,Uber Eats
Wing Shack (Midland Road LU2),,United Kingdom,GBR,London,38968,ba118b26-8457-59ee-a1d1-7b587b3ded1d,2025-05-13,2025-05-13 22:38:49.000,2025-05-13,2025-05-13 23:04:09.000,consumer_to_merchant,5,,,Delivery,iOS,Uber Eats
Wing Shack Co,,United Kingdom,GBR,London,BA807,01750357-dcb6-5392-a99e-b3cc485f30b2,2025-05-12,2025-05-12 19:08:01.000,2025-05-13,2025-05-13 17:57:01.000,consumer_to_merchant,5,,,Delivery,Android,Uber Eats
SMASH BN LONDON,,United Kingdom,GBR,London,D03BC,865e78ea-0289-5673-ab04-03eff827e293,2025-05-14,2025-05-14 15:02:04.000,2025-05-14,2025-05-14 19:55:33.000,consumer_to_merchant,5,,,Delivery,iOS,Uber Eats
Wing Shack Co - Maidstone,,United Kingdom,GBR,Brighton and Sussex,33917,2b7475c4-5a17-51eb-87ca-ce2717b6514b,2025-05-15,2025-05-15 12:40:35.000,2025-05-15,2025-05-15 13:52:39.000,consumer_to_merchant,1,restaurant_too_slow,They were so terrible called them multiple times. Honestly poor customer service. And the driver was not communicating. My order came 30 minutes late after several calls and asking,Delivery,iOS,Uber Eats
Wing Shack (Midland Road LU2),,United Kingdom,GBR,London,3F30D,ca4d0e05-8fe8-5696-aeb2-dd895e79c378,2025-05-10,2025-05-10 16:36:34.000,2025-05-15,2025-05-15 18:07:57.000,consumer_to_merchant,3,restaurant_not_worth_price,,Delivery,Android,Uber Eats
Wing Shack (Midland Road LU2),,United Kingdom,GBR,London,54E80,1d4aff6c-ac55-53dc-8f47-9e9b55383279,2025-05-12,2025-05-12 20:29:29.000,2025-05-15,2025-05-15 20:19:46.000,consumer_to_merchant,5,,,Delivery,Android,Uber Eats
Wing Shack (Midland Road LU2),,United Kingdom,GBR,London,B1FA7,985f9bc1-7eae-5fd3-b8bc-ddee8e82cac6,2025-05-04,2025-05-04 15:00:55.000,2025-05-15,2025-05-15 16:43:02.000,consumer_to_merchant,5,,,Delivery,Android,Uber Eats
Wing Shack (Midland Road LU2),,United Kingdom,GBR,London,F7DED,bcb3cb22-860e-50b2-9c74-337dc44b66f5,2025-05-15,2025-05-15 20:35:28.000,2025-05-15,2025-05-15 21:26:47.000,consumer_to_merchant,5,,,Delivery,Android,Uber Eats
SMASH BN LONDON,,United Kingdom,GBR,London,0DDC9,f154fbf2-a59c-5dad-919e-df16b6d5b531,2025-05-16,2025-05-16 20:20:51.000,2025-05-16,2025-05-16 20:58:29.000,consumer_to_merchant,1,,,Delivery,iOS,Uber Eats
Wing Shack Co,,United Kingdom,GBR,London,49B93,df8c18de-3027-5e30-974a-053a89ad5971,2025-05-16,2025-05-16 19:53:54.000,2025-05-16,2025-05-16 20:36:45.000,consumer_to_merchant,5,,The flavour never misses! The buffalo sauce is my favourite!,Delivery,iOS,Uber Eats
Wing Shack Co - Maidstone,,United Kingdom,GBR,Brighton and Sussex,C82EB,c7de24c0-37c8-5fa2-8ffa-ecfae5327853,2025-05-16,2025-05-16 17:41:25.000,2025-05-16,2025-05-16 19:14:34.000,consumer_to_merchant,4,,all of it thank you,Delivery,iOS,Uber Eats
Wing Shack Co,,United Kingdom,GBR,London,11787,3de54693-cc6b-5bae-9634-e01f76bf12bc,2025-05-17,2025-05-17 15:06:01.000,2025-05-17,2025-05-17 18:07:13.000,consumer_to_merchant,2,restaurant_too_slow,,Delivery,iOS,Uber Eats
SMASH BN LONDON,,United Kingdom,GBR,London,53463,ea5b371d-92f5-5e2c-a081-7ae58707417e,2025-05-17,2025-05-17 19:26:18.000,2025-05-17,2025-05-17 21:22:27.000,consumer_to_merchant,5,,,Delivery,iOS,Uber Eats
Wing Shack Co,,United Kingdom,GBR,London,848E3,9dc6a49e-6a00-584d-b2b6-414d217b142f,2025-05-14,2025-05-14 17:22:48.000,2025-05-17,2025-05-17 19:00:42.000,consumer_to_merchant,3,"restaurant_not_tasty, restaurant_not_worth_price",,Delivery,iOS,Uber Eats
Wing Shack (Midland Road LU2),,United Kingdom,GBR,London,05B90,a711c228-4715-5ae3-b289-519c5c6a2645,2025-05-18,2025-05-18 21:48:53.000,2025-05-18,2025-05-18 22:45:52.000,consumer_to_merchant,5,,,Delivery,Android,Uber Eats
Wing Shack Co,,United Kingdom,GBR,London,A8D19,2e76a4ba-6c63-55de-80ae-245e30773ca5,2025-05-18,2025-05-18 19:51:59.000,2025-05-18,2025-05-18 20:58:56.000,consumer_to_merchant,1,,,Delivery,iOS,Uber Eats
Wing Shack (Midland Road LU2),,United Kingdom,GBR,London,B2EA4,886a269e-0aa5-5647-830c-3019ba17fff4,2025-05-18,2025-05-18 19:27:59.000,2025-05-18,2025-05-18 20:37:02.000,consumer_to_merchant,5,,,Delivery,iOS,Uber Eats
Wing Shack (Midland Road LU2),,United Kingdom,GBR,London,DB342,11e41cc4-2690-5f4e-83a5-fe750e716122,2025-05-18,2025-05-18 19:23:52.000,2025-05-18,2025-05-18 19:51:40.000,consumer_to_merchant,5,,,Delivery,iOS,Uber Eats
Wing Shack (Midland Road LU2),,United Kingdom,GBR,London,EF811,9c81b31a-398b-50a8-8428-cef64c85a7cb,2025-05-19,2025-05-19 22:27:23.000,2025-05-19,2025-05-19 23:02:28.000,consumer_to_merchant,1,"restaurant_not_tasty, restaurant_not_worth_price",,Delivery,iOS,Uber Eats
SMASH BN LONDON,,United Kingdom,GBR,London,82980,0021b682-ac5f-5063-a367-5802cd16e8c5,2025-05-20,2025-05-20 13:22:31.000,2025-05-20,2025-05-20 14:42:23.000,consumer_to_merchant,4,,,Delivery,iOS,Uber Eats
Wing Shack (Midland Road LU2),,United Kingdom,GBR,London,EC1C0,3c4a4608-9c40-5d92-9349-df01561dfa7d,2025-05-17,2025-05-17 15:28:26.000,2025-05-20,2025-05-20 14:29:29.000,consumer_to_merchant,5,,,Delivery,iOS,Uber Eats
Wing Shack Co,,United Kingdom,GBR,London,F1E20,c60d730a-700b-5697-a5a4-5fec2c28d18e,2025-05-20,2025-05-20 20:38:33.000,2025-05-20,2025-05-20 21:31:09.000,consumer_to_merchant,3,"restaurant_missed_request, restaurant_too_slow",,Delivery,iOS,Uber Eats
Wing Shack (Midland Road LU2),,United Kingdom,GBR,London,52ACA,41bed92a-2917-5789-bb9f-7d01c0222679,2025-05-24,2025-05-24 18:22:18.000,2025-05-24,2025-05-24 19:01:14.000,consumer_to_merchant,5,,,Delivery,Web,Uber Eats
Wing Shack Co - Maidstone,,United Kingdom,GBR,Brighton and Sussex,B0452,a35a5392-7e20-579b-bf49-6c2c9341c2c5,2025-05-24,2025-05-24 15:57:19.000,2025-05-24,2025-05-24 16:24:18.000,consumer_to_merchant,5,restaurant_reliable_service,,Delivery,Android,Uber Eats
Wing Shack (Midland Road LU2),,United Kingdom,GBR,London,7A339,1ef6f7f0-0f0c-5afc-8dd5-7f9600023d6d,2025-05-27,2025-05-27 17:59:26.000,2025-05-28,2025-05-28 16:11:03.000,consumer_to_merchant,5,,,Delivery,Android,Uber Eats
Wing Shack Co,,United Kingdom,GBR,London,8982B,0550e653-f5ac-585a-85a7-522d9c7a53cc,2025-05-29,2025-05-29 20:35:01.000,2025-05-29,2025-05-29 21:58:56.000,consumer_to_merchant,1,restaurant_not_tasty,,Delivery,Android,Uber Eats
Wing Shack (Midland Road LU2),,United Kingdom,GBR,London,1B774,81653ee9-5196-5951-bb1c-b6c6801d76ac,2025-05-24,2025-05-24 22:02:28.000,2025-06-01,2025-06-01 21:16:13.000,consumer_to_merchant,5,,,Delivery,iOS,Uber Eats
Wing Shack Co - Maidstone,,United Kingdom,GBR,Brighton and Sussex,4EBA3,acd77369-bd38-5372-a956-c40890e340dd,2025-06-02,2025-06-02 18:48:47.000,2025-06-02,2025-06-02 19:48:42.000,consumer_to_merchant,5,,,Delivery,iOS,Uber Eats
Wing Shack (Midland Road LU2),,United Kingdom,GBR,London,BB908,eb7e9805-b764-5eac-bfa7-a2d5914dc2b9,2025-06-02,2025-06-02 20:02:03.000,2025-06-02,2025-06-02 20:57:07.000,consumer_to_merchant,5,,wow 10/10 just perfect,Delivery,Android,Uber Eats
Wing Shack (Midland Road LU2),,United Kingdom,GBR,London,163EB,9edfc4b2-37ad-55c6-987f-9e9c7914ea28,2025-06-05,2025-06-05 20:18:37.000,2025-06-05,2025-06-05 20:56:44.000,consumer_to_merchant,5,restaurant_reliable_service,,Delivery,iOS,Uber Eats
Wing Shack Co - Maidstone,,United Kingdom,GBR,Brighton and Sussex,8B075,4ffe3fd8-4969-5150-a684-56d0b129790b,2025-06-05,2025-06-05 19:31:24.000,2025-06-05,2025-06-05 20:22:02.000,consumer_to_merchant,5,restaurant_great_selection,,Delivery,iOS,Uber Eats
Wing Shack Co,,United Kingdom,GBR,London,42500,58a51c0f-28f9-5314-8a33-331e1dd5f1d0,2025-06-05,2025-06-05 17:44:48.000,2025-06-06,2025-06-06 16:32:22.000,consumer_to_merchant,5,,,Delivery,Android,Uber Eats
Wing Shack Co,,United Kingdom,GBR,London,8915B,1d995cd5-b88a-577d-80dc-c303f82c2343,2025-06-06,2025-06-06 21:34:45.000,2025-06-06,2025-06-06 22:16:09.000,consumer_to_merchant,5,,,Delivery,iOS,Uber Eats
Wing Shack Co - Maidstone,,United Kingdom,GBR,Brighton and Sussex,9ACAF,1c883cc6-0a07-57db-9a7c-5a72cbccefc1,2025-06-06,2025-06-06 18:50:36.000,2025-06-06,2025-06-06 19:34:26.000,consumer_to_merchant,5,,,Delivery,Android,Uber Eats
SMASH BN LONDON,,United Kingdom,GBR,London,56E33,c7abfd3b-d3f8-50aa-931b-9c5035ee06d6,2025-06-07,2025-06-07 18:47:24.000,2025-06-07,2025-06-07 20:12:45.000,consumer_to_merchant,1,,,Delivery,iOS,Uber Eats
Wing Shack (Midland Road LU2),,United Kingdom,GBR,London,6E635,e8efe056-1db7-58de-98b8-3f99015a09f6,2025-06-07,2025-06-07 22:18:44.000,2025-06-08,2025-06-08 00:04:10.000,consumer_to_merchant,2,restaurant_too_slow,,Delivery,iOS,Uber Eats
SMASH BN LONDON,,United Kingdom,GBR,London,FE6A9,cb6152df-4d43-506a-b241-c59f4f35fc4a,2025-06-08,2025-06-08 19:15:03.000,2025-06-08,2025-06-08 19:58:29.000,consumer_to_merchant,1,restaurant_missed_request,,Delivery,iOS,Uber Eats
Wing Shack Co,,United Kingdom,GBR,London,28FE6,d5c0b8e3-89b1-57f8-ba62-4e729767c812,2025-06-11,2025-06-11 21:09:50.000,2025-06-11,2025-06-11 22:01:59.000,consumer_to_merchant,3,,No delivery update,Delivery,iOS,Uber Eats
Wing Shack (Midland Road LU2),,United Kingdom,GBR,London,38772,4c002054-235b-591d-8436-9f4ea158ff12,2025-06-12,2025-06-12 23:08:37.000,2025-06-12,2025-06-12 23:33:57.000,consumer_to_merchant,5,,,Delivery,Android,Uber Eats
SMASH BN LONDON,,United Kingdom,GBR,London,39A90,b9306a88-7cec-5ad1-abec-1a750f420068,2025-06-12,2025-06-12 21:56:56.000,2025-06-12,2025-06-12 23:06:30.000,consumer_to_merchant,4,restaurant_consistent,,Delivery,iOS,Uber Eats
Wing Shack Co,,United Kingdom,GBR,London,BC7B8,08265983-985e-55ca-9593-424efac52a44,2025-06-12,2025-06-12 12:52:11.000,2025-06-12,2025-06-12 13:22:46.000,consumer_to_merchant,1,restaurant_not_worth_price,,Delivery,iOS,Uber Eats
Wing Shack (Midland Road LU2),,United Kingdom,GBR,London,5B222,60c3a800-6595-58b0-ae72-28c5fd4a531d,2025-06-15,2025-06-15 19:29:46.000,2025-06-15,2025-06-15 20:12:54.000,consumer_to_merchant,5,,,Delivery,Android,Uber Eats
Wing Shack Co - Maidstone,,United Kingdom,GBR,Brighton and Sussex,6A184,50464692-0a2c-504a-87e2-cde6339e9e93,2025-06-16,2025-06-16 20:31:58.000,2025-06-16,2025-06-16 21:47:11.000,consumer_to_merchant,5,"restaurant_convenient, restaurant_store_accommodating, restaurant_sustainable_packaging, restaurant_reliable_service, restaurant_great_selection, restaurant_consistent",OMG this was good just finished eating it and loved everything about it. Boneless bites loaded fries and buffalo wings were all banging. Wish I‚Äôd of ordered a drink but at ¬£2.50 for a can! No way. Sort those drink prices out please guys.,Delivery,iOS,Uber Eats
Wing Shack Co,,United Kingdom,GBR,London,EA4F2,571faa0c-1ea3-5752-ae88-e55f4cbd3590,2025-06-15,2025-06-15 19:52:46.000,2025-06-16,2025-06-16 07:31:56.000,consumer_to_merchant,3,"restaurant_too_slow, restaurant_not_worth_price",,Delivery,iOS,Uber Eats
Wing Shack (Midland Road LU2),,United Kingdom,GBR,London,E7505,dfd3b302-ab88-5537-8482-1e221db8386d,2025-06-17,2025-06-17 22:40:06.000,2025-06-17,2025-06-17 23:18:42.000,consumer_to_merchant,5,,,Delivery,Android,Uber Eats
Wing Shack Co,,United Kingdom,GBR,London,25C97,3e575667-d828-5788-93aa-906a5fe20dff,2025-06-12,2025-06-12 13:41:16.000,2025-06-19,2025-06-19 19:30:12.000,consumer_to_merchant,1,,,Delivery,iOS,Uber Eats
Wing Shack Co - Maidstone,,United Kingdom,GBR,Brighton and Sussex,C5B7D,f5bd2ea8-13e9-5d7a-8335-1f93c59eb1a7,2025-06-19,2025-06-19 18:38:54.000,2025-06-19,2025-06-19 19:57:55.000,consumer_to_merchant,3,,,Delivery,iOS,Uber Eats
Wing Shack (Midland Road LU2),,United Kingdom,GBR,London,23638,01cd5ba1-13bf-5f50-9875-c144540748fc,2025-06-20,2025-06-20 18:56:34.000,2025-06-20,2025-06-20 19:42:31.000,consumer_to_merchant,5,,,Delivery,Android,Uber Eats
Wing Shack (Midland Road LU2),,United Kingdom,GBR,London,2B951,05ab7f02-7c8a-5dc5-8c51-aa346e840994,2025-06-20,2025-06-20 17:30:28.000,2025-06-20,2025-06-20 18:25:21.000,consumer_to_merchant,1,restaurant_not_tasty,,Delivery,iOS,Uber Eats
Wing Shack (Midland Road LU2),,United Kingdom,GBR,London,EC75B,7a5cefdb-9139-5d1a-901e-9b263ad181d3,2025-06-25,2025-06-25 18:26:37.000,2025-06-25,2025-06-25 19:15:13.000,consumer_to_merchant,5,,,Delivery,iOS,Uber Eats
SMASH BN LONDON,,United Kingdom,GBR,London,89D4E,986c4810-6186-5913-a855-8675bed33a70,2025-06-28,2025-06-28 22:58:26.000,2025-06-29,2025-06-29 00:27:31.000,consumer_to_merchant,1,"restaurant_missed_request, restaurant_not_tasty, restaurant_too_slow, restaurant_not_worth_price, restaurant_poor_packaging, restaurant_unsustainable_packaging",,Delivery,iOS,Uber Eats
Wing Shack Co,,United Kingdom,GBR,London,9477F,bbc4a89a-bee3-58ca-9bcb-27acde4960b4,2025-06-29,2025-06-29 20:16:18.000,2025-06-29,2025-06-29 21:29:34.000,consumer_to_merchant,5,,,Delivery,Android,Uber Eats
Wing Shack Co - Maidstone,,United Kingdom,GBR,Brighton and Sussex,F0655,fa1518a3-c496-5510-b26f-20f9ed3629cd,2025-06-28,2025-06-28 22:14:41.000,2025-06-29,2025-06-29 02:59:38.000,consumer_to_merchant,3,,,Delivery,Android,Uber Eats
Wing Shack Co - Maidstone,,United Kingdom,GBR,Brighton and Sussex,86578,5f2c17ac-d4ef-506a-8959-dab926de9f8a,2025-07-01,2025-07-01 19:41:16.000,2025-07-01,2025-07-01 20:33:27.000,consumer_to_merchant,5,"restaurant_sustainable_packaging, restaurant_great_selection",great food will definitely be ordering again. could have done with some tissues or even a wipe or 2 as the sandwich was very messy! No photo unfortunately as ive already eaten the lot!,Delivery,Android,Uber Eats
Wing Shack Co,,United Kingdom,GBR,London,F43F1,d6d9cf4e-6406-5dd3-bb65-dc3864a7bd6d,2025-07-01,2025-07-01 18:33:27.000,2025-07-01,2025-07-01 19:15:04.000,consumer_to_merchant,5,"restaurant_sustainable_packaging, restaurant_reliable_service, restaurant_consistent",Best burger I‚Äôve ever had,Delivery,iOS,Uber Eats
Wing Shack (Midland Road LU2),,United Kingdom,GBR,London,EF8B1,023388f6-ed9f-59e3-9919-52a3297fad3c,2025-07-02,2025-07-02 18:26:13.000,2025-07-03,2025-07-03 17:24:51.000,consumer_to_merchant,5,,,Delivery,iOS,Uber Eats
Wing Shack Co,,United Kingdom,GBR,London,B4E84,d6f06dfa-2b8f-5a2d-a2b8-c11b40219417,2025-07-04,2025-07-04 20:33:38.000,2025-07-04,2025-07-04 21:49:03.000,consumer_to_merchant,5,,,Delivery,iOS,Uber Eats
Wing Shack Co - Maidstone,,United Kingdom,GBR,Brighton and Sussex,D8844,0f4dba38-193b-5f0d-9cf7-5a87e714d2c4,2025-07-04,2025-07-04 19:56:48.000,2025-07-05,2025-07-05 01:18:51.000,consumer_to_merchant,5,,,Delivery,Android,Uber Eats
Wing Shack Co - Maidstone,,United Kingdom,GBR,Brighton and Sussex,A42D0,18f66820-ed08-5480-a861-230da0a463b6,2025-07-06,2025-07-06 18:03:51.000,2025-07-08,2025-07-08 18:00:11.000,consumer_to_merchant,5,restaurant_great_selection,,Delivery,iOS,Uber Eats
Wing Shack Co,,United Kingdom,GBR,London,82325,1a4d2b21-7a32-587c-9133-9f6c866d2629,2025-07-11,2025-07-11 20:34:32.000,2025-07-11,2025-07-11 21:25:53.000,consumer_to_merchant,4,,,Delivery,iOS,Uber Eats
Wing Shack (Midland Road LU2),,United Kingdom,GBR,London,6D3FB,3ea94fbd-49ee-51e8-b4da-081f302af5f5,2025-07-12,2025-07-12 15:53:19.000,2025-07-12,2025-07-12 16:51:27.000,consumer_to_merchant,5,,,Delivery,Android,Uber Eats
Wing Shack Co,,United Kingdom,GBR,London,91FF4,22467268-2ee9-546f-8525-2cb2f88844d3,2025-07-13,2025-07-13 20:58:52.000,2025-07-13,2025-07-13 21:47:42.000,consumer_to_merchant,1,restaurant_too_slow,,Delivery,iOS,Uber Eats
Wing Shack (Midland Road LU2),,United Kingdom,GBR,London,07030,1c7a6166-8e1d-5649-85ce-075ea01bcde6,2025-07-16,2025-07-16 21:29:59.000,2025-07-17,2025-07-17 06:59:22.000,consumer_to_merchant,5,,,Delivery,Android,Uber Eats
Wing Shack Co,,United Kingdom,GBR,London,DAB1F,f935e172-3ad9-559c-ad62-f3f8f8d4cafc,2025-07-18,2025-07-18 19:16:12.000,2025-07-18,2025-07-18 20:14:26.000,consumer_to_merchant,4,restaurant_convenient,,Delivery,iOS,Uber Eats
Wing Shack (Midland Road LU2),,United Kingdom,GBR,London,27400,0f22944e-36f7-5bfd-aba1-068da615380c,2025-07-19,2025-07-19 17:26:07.000,2025-07-19,2025-07-19 18:43:14.000,consumer_to_merchant,1,"restaurant_not_worth_price, restaurant_poor_packaging, restaurant_unsustainable_packaging",,Delivery,iOS,Uber Eats
Wing Shack Co - Maidstone,,United Kingdom,GBR,Brighton and Sussex,F9ADC,bca4c34a-1791-5041-bc6d-870ecd1200bc,2025-07-20,2025-07-20 17:37:21.000,2025-07-21,2025-07-21 12:49:57.000,consumer_to_merchant,1,"restaurant_not_tasty, restaurant_not_worth_price",,Delivery,iOS,Uber Eats
Wing Shack Co,,United Kingdom,GBR,London,267A9,a955646c-e77b-5c6a-bee1-886cb5e8bb43,2025-07-23,2025-07-23 20:04:37.000,2025-07-23,2025-07-23 21:29:31.000,consumer_to_merchant,1,restaurant_not_tasty,,Delivery,iOS,Uber Eats
Wing Shack (Midland Road LU2),,United Kingdom,GBR,London,33586,e280e29b-71d8-5c90-a881-0c5ed4689007,2025-07-23,2025-07-23 17:43:16.000,2025-07-24,2025-07-24 07:08:12.000,consumer_to_merchant,5,,,Delivery,Android,Uber Eats
Wing Shack Co - Maidstone,,United Kingdom,GBR,Brighton and Sussex,F6D03,eb9fe23b-9ccc-5311-be41-2145344083df,2025-07-24,2025-07-24 14:28:39.000,2025-07-24,2025-07-24 17:30:17.000,consumer_to_merchant,5,"restaurant_convenient, restaurant_great_selection, restaurant_consistent",,Delivery,iOS,Uber Eats
Wing Shack (Midland Road LU2),,United Kingdom,GBR,London,F5C99,7a9cae43-a68b-5795-b1e7-29a3dddf3a40,2025-07-26,2025-07-26 22:58:14.000,2025-07-26,2025-07-26 23:53:54.000,consumer_to_merchant,2,"restaurant_not_tasty, restaurant_not_worth_price",,Delivery,iOS,Uber Eats
Wing Shack (Midland Road LU2),,United Kingdom,GBR,London,7025E,5cae19f0-80c1-531e-a5ee-fab41443a350,2025-07-27,2025-07-27 20:05:36.000,2025-07-27,2025-07-27 20:46:09.000,consumer_to_merchant,1,,,Delivery,iOS,Uber Eats
Wing Shack Co - Maidstone,,United Kingdom,GBR,Brighton and Sussex,68AB6,ef9f0d46-a804-5636-aaf2-2874c18ca95b,2025-07-28,2025-07-28 20:45:58.000,2025-07-28,2025-07-28 23:46:51.000,consumer_to_merchant,5,,,Delivery,Android,Uber Eats
Wing Shack Co- Chatham,,United Kingdom,GBR,London,66655,e9e5b1cd-3a77-50c2-a953-9f57f607ba27,2025-07-28,2025-07-28 18:15:55.000,2025-07-29,2025-07-29 18:32:09.000,consumer_to_merchant,4,,,Delivery,iOS,Uber Eats
Wing Shack Co- Chatham,,United Kingdom,GBR,London,EC987,939fad04-48e3-5dab-9fdb-ec830c5709d9,2025-07-28,2025-07-28 15:28:22.000,2025-07-29,2025-07-29 15:50:17.000,consumer_to_merchant,5,,,Delivery,Android,Uber Eats
Wing Shack Co,,United Kingdom,GBR,London,2A06A,99b7a1f6-caf5-5dc7-9728-7745e010c33a,2025-08-01,2025-08-01 18:18:15.000,2025-08-01,2025-08-01 19:01:55.000,consumer_to_merchant,5,restaurant_reliable_service,,Delivery,iOS,Uber Eats
Wing Shack Co- Chatham,,United Kingdom,GBR,London,3FF80,80de0268-ff17-5a28-8eae-85ad8ab90ee1,2025-08-01,2025-08-01 19:04:27.000,2025-08-01,2025-08-01 19:45:11.000,consumer_to_merchant,5,,,Delivery,iOS,Uber Eats
Wing Shack Co,,United Kingdom,GBR,London,EAA25,56f2594e-b4fc-572a-9c4f-b979db32ebdc,2025-08-01,2025-08-01 17:52:43.000,2025-08-01,2025-08-01 18:48:36.000,consumer_to_merchant,1,"restaurant_not_tasty, restaurant_not_worth_price",,Delivery,iOS,Uber Eats
Wing Shack Co - Maidstone,,United Kingdom,GBR,Brighton and Sussex,0A83B,57160f5e-4395-509b-928a-927393a8ea11,2025-08-03,2025-08-03 15:47:05.000,2025-08-03,2025-08-03 16:41:11.000,consumer_to_merchant,1,,,Delivery,Android,Uber Eats
Wing Shack Co,,United Kingdom,GBR,London,A11C6,c99906d2-7e85-515e-9817-2a7e2770b8a1,2025-07-15,2025-07-15 20:35:47.000,2025-08-04,2025-08-04 22:05:58.000,consumer_to_merchant,4,,,Delivery,iOS,Uber Eats
Wing Shack (Midland Road LU2),,United Kingdom,GBR,London,01FDB,0ffdb5dd-7a27-5d05-a2a7-b534eeec5b8c,2025-08-04,2025-08-04 18:29:39.000,2025-08-05,2025-08-05 18:22:31.000,consumer_to_merchant,5,,,Delivery,Android,Uber Eats
Wing Shack Co,,United Kingdom,GBR,London,40C56,d7444210-e715-5100-a755-9fcf230bd1e1,2025-08-06,2025-08-06 21:32:24.000,2025-08-07,2025-08-07 00:39:38.000,consumer_to_merchant,1,restaurant_not_worth_price,,Delivery,iOS,Uber Eats
Wing Shack (Midland Road LU2),,United Kingdom,GBR,London,49842,4b4d6e38-a01e-5772-8c27-5a4043d3bf2c,2025-08-08,2025-08-08 22:59:37.000,2025-08-08,2025-08-08 23:30:20.000,consumer_to_merchant,5,,,Delivery,iOS,Uber Eats
Wing Shack (Midland Road LU2),,United Kingdom,GBR,London,A9AD9,d18c02ee-011f-5e24-9391-a3a950a12030,2025-08-08,2025-08-08 20:42:23.000,2025-08-08,2025-08-08 22:07:28.000,consumer_to_merchant,4,restaurant_sustainable_packaging,,Delivery,iOS,Uber Eats
Wing Shack Co - Maidstone,,United Kingdom,GBR,Brighton and Sussex,F1387,11b7ff1f-6f9e-5299-b46b-049e8004d936,2025-08-11,2025-08-11 12:04:04.000,2025-08-11,2025-08-11 14:10:40.000,consumer_to_merchant,1,,,Delivery,iOS,Uber Eats
Wing Shack Co,,United Kingdom,GBR,London,02A79,946040d8-211c-58f0-ba76-42aba66e01f5,2025-08-12,2025-08-12 21:18:35.000,2025-08-12,2025-08-12 22:26:10.000,consumer_to_merchant,1,"restaurant_missed_request, restaurant_not_tasty, restaurant_too_slow",,Delivery,iOS,Uber Eats
Wing Shack Co- Chatham,,United Kingdom,GBR,London,4627C,609ebe8b-60fa-57ee-8db7-00d2b268bad2,2025-08-12,2025-08-12 12:15:51.000,2025-08-12,2025-08-12 13:51:29.000,consumer_to_merchant,2,"restaurant_not_worth_price, restaurant_unsustainable_packaging",,Delivery,Android,Uber Eats
Wing Shack (Midland Road LU2),,United Kingdom,GBR,London,9A12D,f14aa3cc-dab2-5450-b708-a77ad7da231a,2025-08-12,2025-08-12 20:36:13.000,2025-08-12,2025-08-12 21:50:13.000,consumer_to_merchant,3,"restaurant_not_tasty, restaurant_too_slow, restaurant_not_worth_price, restaurant_poor_packaging, restaurant_unsustainable_packaging",,Delivery,iOS,Uber Eats
Wing Shack Co - Maidstone,,United Kingdom,GBR,Brighton and Sussex,EC527,c3113e97-5851-5344-a7be-58b18c7fa68e,2025-08-12,2025-08-12 19:11:02.000,2025-08-12,2025-08-12 19:50:41.000,consumer_to_merchant,1,"restaurant_not_tasty, restaurant_not_worth_price",,Delivery,iOS,Uber Eats
Wing Shack Co- Chatham,,United Kingdom,GBR,London,05FE1,dac1848a-2f01-5b9e-8123-097453116996,2025-08-13,2025-08-13 21:10:00.000,2025-08-13,2025-08-13 21:51:30.000,consumer_to_merchant,5,,,Delivery,iOS,Uber Eats
Wing Shack (Midland Road LU2),,United Kingdom,GBR,London,22DFB,496cded0-3524-5edd-aeb5-8d9ea5ad80f1,2025-08-15,2025-08-15 22:04:46.000,2025-08-15,2025-08-15 23:11:46.000,consumer_to_merchant,5,,wings have always been 10/10 but the plantain portion is very small 6 tiny pieces total disrespect for the amount I paid.,Delivery,Android,Uber Eats
Wing Shack Co- Chatham,,United Kingdom,GBR,London,C0863,076ce633-24af-506c-8aa7-612a27446b28,2025-08-09,2025-08-09 14:12:01.000,2025-08-16,2025-08-16 18:32:57.000,consumer_to_merchant,5,,,Delivery,Android,Uber Eats
Wing Shack (Midland Road LU2),,United Kingdom,GBR,London,8EC07,ea6e4142-874c-5d0d-be95-0fce6b7fbd5b,2025-08-17,2025-08-17 21:18:49.000,2025-08-17,2025-08-17 22:18:10.000,consumer_to_merchant,5,"restaurant_convenient, restaurant_store_accommodating, restaurant_sustainable_packaging, restaurant_reliable_service, restaurant_great_selection, restaurant_consistent",,Delivery,iOS,Uber Eats
Wing Shack Co - Maidstone,,United Kingdom,GBR,Brighton and Sussex,C6192,9801c92c-a3e8-5f6f-b9cc-309c4882f921,2025-08-17,2025-08-17 16:32:11.000,2025-08-17,2025-08-17 17:33:09.000,consumer_to_merchant,3,restaurant_not_worth_price,,Delivery,iOS,Uber Eats
Wing Shack Co- Chatham,,United Kingdom,GBR,London,197CC,c7d76869-5fd6-5e20-8f2c-5bf0b4f44417,2025-08-18,2025-08-18 18:59:59.000,2025-08-18,2025-08-18 19:35:08.000,consumer_to_merchant,5,restaurant_reliable_service,,Delivery,Android,Uber Eats
Wing Shack Co- Chatham,,United Kingdom,GBR,London,2B4B8,56c199a1-e68b-5f13-a717-566da1347ce9,2025-08-18,2025-08-18 19:33:55.000,2025-08-18,2025-08-18 20:50:02.000,consumer_to_merchant,5,,,Delivery,Android,Uber Eats
Wing Shack Co- Chatham,,United Kingdom,GBR,London,AEEFB,ba473f75-574e-59b7-9a7f-4e8401a9e98c,2025-08-18,2025-08-18 18:58:34.000,2025-08-18,2025-08-18 20:08:47.000,consumer_to_merchant,5,,Omg tasted beautiful definitely will order again thank you,Delivery,iOS,Uber Eats
Wing Shack Co- Chatham,,United Kingdom,GBR,London,3B3E4,6241173a-6c91-57a8-bdcd-0fe46ddaeaf1,2025-08-19,2025-08-19 20:02:33.000,2025-08-19,2025-08-19 21:50:47.000,consumer_to_merchant,4,"restaurant_sustainable_packaging, restaurant_great_selection",,Delivery,iOS,Uber Eats
Wing Shack (Midland Road LU2),,United Kingdom,GBR,London,18AF9,d13d1321-596d-51c9-bce4-511cc55727b1,2025-08-20,2025-08-20 20:34:21.000,2025-08-21,2025-08-21 19:37:29.000,consumer_to_merchant,4,,,Delivery,Android,Uber Eats
Wing Shack Co- Chatham,,United Kingdom,GBR,London,1EC2C,4f7dc38f-f84c-59e5-8d6e-64486d7bd177,2025-08-21,2025-08-21 20:54:34.000,2025-08-21,2025-08-21 21:00:41.000,consumer_to_merchant,5,"restaurant_convenient, restaurant_reliable_service, restaurant_great_selection, restaurant_consistent",I love it‚ù§Ô∏è superb üëå,Pickup,iOS,Uber Eats
Wing Shack Co- Chatham,,United Kingdom,GBR,London,822C9,011ecdec-553f-5c55-be08-ed3aabeae368,2025-08-21,2025-08-21 19:07:42.000,2025-08-21,2025-08-21 20:02:57.000,consumer_to_merchant,5,,,Delivery,iOS,Uber Eats
Wing Shack Co,,United Kingdom,GBR,London,A27AD,2d49170a-eb4e-5b0c-8d96-9c3fab27ad83,2025-08-21,2025-08-21 17:36:11.000,2025-08-21,2025-08-21 19:34:31.000,consumer_to_merchant,1,"restaurant_not_tasty, restaurant_too_slow",,Delivery,Android,Uber Eats
Wing Shack (Midland Road LU2),,United Kingdom,GBR,London,D12DE,c85926ac-ab50-5c52-ab49-004e1136b556,2025-08-20,2025-08-20 21:36:41.000,2025-08-21,2025-08-21 18:56:53.000,consumer_to_merchant,5,,,Delivery,iOS,Uber Eats
Wing Shack Co- Chatham,,United Kingdom,GBR,London,D652F,c0904a54-a216-5147-8aea-ff0411cbcdab,2025-08-21,2025-08-21 22:38:37.000,2025-08-21,2025-08-21 22:40:37.000,consumer_to_merchant,5,"restaurant_convenient, restaurant_store_accommodating, restaurant_sustainable_packaging, restaurant_reliable_service, restaurant_great_selection, restaurant_consistent",Outstanding,Pickup,iOS,Uber Eats
Wing Shack Co- Chatham,,United Kingdom,GBR,London,E0391,353f8d53-4b3f-5938-ad28-82bd0cb66610,2025-08-21,2025-08-21 17:40:04.000,2025-08-21,2025-08-21 21:50:57.000,consumer_to_merchant,5,"restaurant_reliable_service, restaurant_consistent",,Delivery,Android,Uber Eats
Wing Shack Co- Chatham,,United Kingdom,GBR,London,32E2F,3cb16f58-2768-5faa-8173-7ee06efafb00,2025-08-21,2025-08-21 22:48:38.000,2025-08-22,2025-08-22 13:43:56.000,consumer_to_merchant,5,,‚≠êÔ∏è‚≠êÔ∏è‚≠êÔ∏è‚≠êÔ∏è‚≠êÔ∏è\nWing Shack Co ‚Äì Chatham absolutely blew me away! The food was incredible ‚Äì the wings were perfectly cooked juicy on the inside and packed with flavor. The variety of sauces is amazing and each one has its own unique kick. The sides were fresh and tasty and everything came piping hot.\nThe service was just as impressive ‚Äì friendly quick and attentive making the whole experience even better. You can really tell they care about quality and customer satisfaction.\nIf you‚Äôre craving wings this is hands down the best spot in Chatham. Highly recommend ‚Äì I‚Äôll definitely be back!,Pickup,iOS,Uber Eats
Wing Shack Co - Maidstone,,United Kingdom,GBR,Brighton and Sussex,4C878,77e41a07-53b8-5806-9eb7-ab4a119c2ed8,2025-08-22,2025-08-22 19:56:08.000,2025-08-22,2025-08-22 20:47:17.000,consumer_to_merchant,4,restaurant_great_selection,,Delivery,iOS,Uber Eats
Wing Shack Co- Chatham,,United Kingdom,GBR,London,36726,dd26256a-f988-5e71-af25-b9d63d4c5c81,2025-08-22,2025-08-22 18:45:08.000,2025-08-23,2025-08-23 19:12:02.000,consumer_to_merchant,5,"restaurant_reliable_service, restaurant_consistent",,Delivery,iOS,Uber Eats
Wing Shack (Midland Road LU2),,United Kingdom,GBR,London,3C7CF,7a0648fd-4d89-5154-bb0d-9a85755c4733,2025-08-22,2025-08-22 21:51:48.000,2025-08-23,2025-08-23 22:38:52.000,consumer_to_merchant,5,,,Delivery,iOS,Uber Eats
Wing Shack Co- Chatham,,United Kingdom,GBR,London,F0CCF,7a713870-3e11-5300-8b5c-6e65b6dd385a,2025-08-24,2025-08-24 16:27:16.000,2025-08-24,2025-08-24 17:34:32.000,consumer_to_merchant,5,restaurant_great_selection,,Delivery,iOS,Uber Eats
Wing Shack Co- Chatham,,United Kingdom,GBR,London,0E126,5f4848e4-eb5e-570d-87a4-071c33fd7f4c,2025-08-24,2025-08-24 20:10:05.000,2025-08-27,2025-08-27 21:11:18.000,consumer_to_merchant,5,"restaurant_reliable_service, restaurant_consistent",hot and very good service always good portion size as well,Delivery,iOS,Uber Eats
Wing Shack Co - Maidstone,,United Kingdom,GBR,Brighton and Sussex,5BED3,f19e9e6e-67ce-5760-8cb2-e07f751feb24,2025-08-19,2025-08-19 15:20:25.000,2025-08-27,2025-08-27 14:54:29.000,consumer_to_merchant,1,,,Delivery,iOS,Uber Eats
Wing Shack Co- Chatham,,United Kingdom,GBR,London,662E2,096db44f-19a9-5119-bc1a-c0eba2bea4e1,2025-08-12,2025-08-12 21:08:39.000,2025-08-27,2025-08-27 21:11:35.000,consumer_to_merchant,5,"restaurant_store_accommodating, restaurant_reliable_service",good portion size and friendly service as always,Delivery,iOS,Uber Eats
Wing Shack Co - Maidstone,,United Kingdom,GBR,Brighton and Sussex,D956E,1709f6e4-ec3a-5571-88d9-6f56b5aba7df,2025-08-27,2025-08-27 12:36:54.000,2025-08-27,2025-08-27 15:46:10.000,consumer_to_merchant,1,,,Delivery,iOS,Uber Eats
Wing Shack (Midland Road LU2),,United Kingdom,GBR,London,F3B2D,b92fe005-8015-5967-9d45-9ba22bfc285c,2025-08-21,2025-08-21 19:01:25.000,2025-08-27,2025-08-27 22:16:36.000,consumer_to_merchant,5,,,Delivery,Android,Uber Eats
Wing Shack Co - Maidstone,,United Kingdom,GBR,Brighton and Sussex,AB842,0645cc3d-f403-58ad-b61b-7c269a0d9682,2025-08-28,2025-08-28 18:19:15.000,2025-08-28,2025-08-28 21:24:25.000,consumer_to_merchant,3,restaurant_not_worth_price,,Pickup,iOS,Uber Eats
Wing Shack Co,,United Kingdom,GBR,London,B5A4F,726e336c-b0c6-58e3-9324-83e90532e7be,2025-08-28,2025-08-28 17:55:06.000,2025-08-28,2025-08-28 20:07:02.000,consumer_to_merchant,2,restaurant_not_worth_price,,Delivery,Android,Uber Eats
Wing Shack Co,,United Kingdom,GBR,London,E0766,c65c52b8-4277-5743-bd72-281b07bad4f7,2025-08-28,2025-08-28 15:20:59.000,2025-08-28,2025-08-28 16:15:36.000,consumer_to_merchant,5,,,Delivery,iOS,Uber Eats
Wing Shack (Midland Road LU2),,United Kingdom,GBR,London,76886,a55731b4-6c2e-5dea-b3db-f10a610631fc,2025-08-28,2025-08-28 21:00:02.000,2025-08-29,2025-08-29 19:06:35.000,consumer_to_merchant,5,,Amazing üíó,Delivery,Android,Uber Eats
Wing Shack Co- Chatham,,United Kingdom,GBR,London,CDDCA,3df39a80-82c9-508f-874b-42289355db37,2025-08-28,2025-08-28 18:21:23.000,2025-08-29,2025-08-29 09:22:34.000,consumer_to_merchant,5,,,Delivery,iOS,Uber Eats
Wing Shack Co,,United Kingdom,GBR,London,471AB,57997348-4ed2-5e26-b4d5-e864339e5a5e,2025-08-30,2025-08-30 14:43:13.000,2025-08-30,2025-08-30 16:59:18.000,consumer_to_merchant,4,restaurant_store_accommodating,,Delivery,iOS,Uber Eats
Wing Shack Co- Chatham,,United Kingdom,GBR,London,7284B,b5c4b434-52a1-5a23-a8c7-8bfd5ecc29ce,2025-08-30,2025-08-30 20:23:48.000,2025-08-30,2025-08-30 21:38:15.000,consumer_to_merchant,5,"restaurant_sustainable_packaging, restaurant_reliable_service, restaurant_great_selection",Chicken burger unreal üòç\nWings were 10/10\nChips so crispy and well seasoned \nDelivery fast,Delivery,iOS,Uber Eats
Wing Shack Co,,United Kingdom,GBR,London,92F7E,839dc727-5808-511c-aba0-ca3f1739ac39,2025-08-30,2025-08-30 19:51:52.000,2025-08-30,2025-08-30 23:03:16.000,consumer_to_merchant,1,restaurant_not_tasty,,Delivery,iOS,Uber Eats
Wing Shack (Midland Road LU2),,United Kingdom,GBR,London,EEEFE,9978d138-6e9b-5da8-90bb-e0e368e60fd1,2025-08-30,2025-08-30 20:12:00.000,2025-08-30,2025-08-30 21:38:36.000,consumer_to_merchant,4,,Food a tad less warm than preferred but it had travelled 20 mins so poss not the restaurants fault.   Food tastey thumbs up.,Delivery,iOS,Uber Eats
Wing Shack (Midland Road LU2),,United Kingdom,GBR,London,F6ED7,162cc4a7-44a2-57ac-9d4e-1705dfe874db,2025-08-30,2025-08-30 18:04:38.000,2025-08-30,2025-08-30 20:06:37.000,consumer_to_merchant,5,,,Delivery,iOS,Uber Eats
Wing Shack Co,,United Kingdom,GBR,London,000B9,339a43bc-7ae9-5b3d-b55a-619cdb2802c7,2025-08-31,2025-08-31 21:20:55.000,2025-08-31,2025-08-31 22:32:51.000,consumer_to_merchant,5,,,Delivery,iOS,Uber Eats
Wing Shack Co,,United Kingdom,GBR,London,40635,97c35ac0-47e6-5fad-be25-9dec9a5fc241,2025-09-02,2025-09-02 13:29:28.000,2025-09-02,2025-09-02 14:00:14.000,consumer_to_merchant,1,"restaurant_missed_request, restaurant_poor_packaging",,Delivery,Android,Uber Eats
Wing Shack Co- Chatham,,United Kingdom,GBR,London,2DE15,9917e8a6-28e8-502d-b9fa-c2052d4e81ce,2025-08-29,2025-08-29 15:24:12.000,2025-09-03,2025-09-03 17:00:53.000,consumer_to_merchant,5,,,Delivery,iOS,Uber Eats
Wing Shack Co - Maidstone,,United Kingdom,GBR,Brighton and Sussex,4647B,d8147651-4974-531d-9b78-e7d72895a0cd,2025-09-03,2025-09-03 15:16:29.000,2025-09-03,2025-09-03 16:48:04.000,consumer_to_merchant,1,restaurant_not_tasty,,Delivery,iOS,Uber Eats
Wing Shack Co- Chatham,,United Kingdom,GBR,London,8DFE8,b5176918-c788-55c7-8a19-f2685ea966f3,2025-09-03,2025-09-03 19:48:47.000,2025-09-03,2025-09-03 20:45:11.000,consumer_to_merchant,5,,Actually quite liked it the deal is really good as it allows you to try a range of different flavours üòã,Delivery,iOS,Uber Eats
Wing Shack Co- Chatham,,United Kingdom,GBR,London,5ACEC,d97b938d-0962-5e2a-8571-74f87f168f52,2025-09-06,2025-09-06 15:20:39.000,2025-09-06,2025-09-06 15:57:56.000,consumer_to_merchant,5,"restaurant_store_accommodating, restaurant_sustainable_packaging, restaurant_reliable_service, restaurant_great_selection, restaurant_consistent",The best selections I have made this year and they are so accommodating. You won‚Äôt regret making your orders from them,Delivery,iOS,Uber Eats
Wing Shack Co- Chatham,,United Kingdom,GBR,London,90884,1afa8404-9236-512a-9b01-85595639883d,2025-09-06,2025-09-06 17:23:12.000,2025-09-06,2025-09-06 20:24:50.000,consumer_to_merchant,2,restaurant_too_slow,,Delivery,iOS,Uber Eats
Wing Shack Co - Maidstone,,United Kingdom,GBR,Brighton and Sussex,D9331,3f602009-74c2-5e6b-958a-39a5a3e6b410,2025-09-07,2025-09-07 17:35:07.000,2025-09-07,2025-09-07 18:39:55.000,consumer_to_merchant,4,,,Delivery,iOS,Uber Eats
Wing Shack Co- Chatham,,United Kingdom,GBR,London,26389,6144ffc1-1908-59e9-9548-0a72b410981d,2025-09-11,2025-09-11 17:18:57.000,2025-09-11,2025-09-11 19:50:04.000,consumer_to_merchant,5,"restaurant_convenient, restaurant_store_accommodating, restaurant_sustainable_packaging, restaurant_reliable_service, restaurant_great_selection, restaurant_consistent",,Delivery,iOS,Uber Eats
Wing Shack Co - Maidstone,,United Kingdom,GBR,Brighton and Sussex,3F1A4,5d11b380-c7f4-592b-9c34-2a9343e3917e,2025-09-07,2025-09-07 17:05:28.000,2025-09-11,2025-09-11 12:58:57.000,consumer_to_merchant,5,,,Delivery,iOS,Uber Eats
Wing Shack Co- Chatham,,United Kingdom,GBR,London,A4AC4,9dc81f31-2af9-5722-8bb8-e4c7b6fa0ec4,2025-09-12,2025-09-12 16:42:01.000,2025-09-13,2025-09-13 13:22:11.000,consumer_to_merchant,5,,,Delivery,Android,Uber Eats
Wing Shack Co- Chatham,,United Kingdom,GBR,London,F7844,97acd4a0-56e7-54f3-995b-b99b15a16ed7,2025-09-13,2025-09-13 16:47:19.000,2025-09-13,2025-09-13 17:46:49.000,consumer_to_merchant,5,,,Delivery,iOS,Uber Eats
Wing Shack Co,,United Kingdom,GBR,London,C41FE,37715659-e2a6-58da-95fa-57cb5287af73,2025-09-17,2025-09-17 17:52:44.000,2025-09-17,2025-09-17 20:53:56.000,consumer_to_merchant,5,,,Delivery,iOS,Uber Eats
Wing Shack Co- Chatham,,United Kingdom,GBR,London,FBD58,624654a3-1c40-5ea3-9b28-02df209bed27,2025-09-17,2025-09-17 19:14:31.000,2025-09-17,2025-09-17 20:04:24.000,consumer_to_merchant,5,"restaurant_convenient, restaurant_sustainable_packaging",,Delivery,iOS,Uber Eats
Wing Shack Co - Maidstone,,United Kingdom,GBR,Brighton and Sussex,E2ADC,ae58eb15-e664-5441-9221-77eff7d8fdcd,2025-09-18,2025-09-18 16:46:33.000,2025-09-18,2025-09-18 23:15:48.000,consumer_to_merchant,3,restaurant_too_slow,,Delivery,iOS,Uber Eats
Wing Shack Co - Maidstone,,United Kingdom,GBR,Brighton and Sussex,055CD,dfd82a8b-ad9c-53cb-bb1f-c26a2bd57a71,2025-09-19,2025-09-19 17:26:43.000,2025-09-19,2025-09-19 18:16:45.000,consumer_to_merchant,2,restaurant_not_tasty,,Delivery,Android,Uber Eats
Wing Shack Co,,United Kingdom,GBR,London,99664,7cc82279-a56b-541d-afe8-58d3f046a6e5,2025-09-19,2025-09-19 18:53:15.000,2025-09-19,2025-09-19 22:26:28.000,consumer_to_merchant,2,restaurant_too_slow,,Delivery,iOS,Uber Eats
Wing Shack Co- Chatham,,United Kingdom,GBR,London,04369,9d968c38-aaea-5209-b70e-5160992616fa,2025-09-20,2025-09-20 13:18:58.000,2025-09-20,2025-09-20 14:20:23.000,consumer_to_merchant,3,,,Delivery,iOS,Uber Eats
Wing Shack Co,,United Kingdom,GBR,London,474D5,52990491-9b1b-549a-946d-8a2aff59ce7b,2025-09-19,2025-09-19 21:59:36.000,2025-09-20,2025-09-20 07:14:35.000,consumer_to_merchant,2,"restaurant_not_tasty, restaurant_not_worth_price, restaurant_poor_packaging",,Delivery,Android,Uber Eats
Wing Shack (Midland Road LU2),,United Kingdom,GBR,London,51FB7,658deb03-9e54-5a19-9d7b-e18ab3bb0871,2025-09-20,2025-09-20 18:26:02.000,2025-09-20,2025-09-20 19:48:25.000,consumer_to_merchant,4,,,Delivery,Android,Uber Eats
Wing Shack Co- Chatham,,United Kingdom,GBR,London,E6173,1660e582-060b-51f2-9b9b-210998eb26a4,2025-09-20,2025-09-20 13:13:12.000,2025-09-20,2025-09-20 14:29:04.000,consumer_to_merchant,5,"restaurant_sustainable_packaging, restaurant_great_selection",,Delivery,iOS,Uber Eats
Wing Shack (Midland Road LU2),,United Kingdom,GBR,London,30713,b7f39adf-fa2c-54ae-8b9d-af0037301fd3,2025-09-21,2025-09-21 00:01:33.000,2025-09-21,2025-09-21 00:39:28.000,consumer_to_merchant,5,,,Delivery,iOS,Uber Eats
Wing Shack Co- Chatham,,United Kingdom,GBR,London,A7764,597daf8f-813c-5eb0-a436-482d18074005,2025-09-23,2025-09-23 21:04:06.000,2025-09-23,2025-09-23 22:05:55.000,consumer_to_merchant,5,,,Delivery,iOS,Uber Eats
Wing Shack Co,,United Kingdom,GBR,London,81D10,a2489de4-9e88-5f8e-b2bb-61bfa6dec548,2025-09-24,2025-09-24 12:41:39.000,2025-09-24,2025-09-24 13:13:18.000,consumer_to_merchant,5,,,Delivery,iOS,Uber Eats
Wing Shack Co- Chatham,,United Kingdom,GBR,London,C0323,8fab6faf-bfb6-577e-8c75-0878c2aa78f1,2025-09-23,2025-09-23 17:42:27.000,2025-09-24,2025-09-24 20:29:55.000,consumer_to_merchant,5,,,Delivery,Android,Uber Eats
Wing Shack Co- Chatham,,United Kingdom,GBR,London,ED240,17b02e6d-6548-58cc-8b40-542a4b6a2392,2025-09-24,2025-09-24 19:56:28.000,2025-09-24,2025-09-24 21:17:35.000,consumer_to_merchant,1,"restaurant_missed_request, restaurant_not_tasty, restaurant_too_slow, restaurant_not_worth_price, restaurant_poor_packaging",,Delivery,iOS,Uber Eats
Wing Shack Co- Chatham,,United Kingdom,GBR,London,09EDC,14b22e32-e4d7-579b-8fee-0bcf5526aa4a,2025-09-27,2025-09-27 15:55:16.000,2025-09-27,2025-09-27 16:11:40.000,consumer_to_merchant,5,"restaurant_convenient, restaurant_sustainable_packaging, restaurant_reliable_service, restaurant_great_selection, restaurant_consistent",,Delivery,Android,Uber Eats
Wing Shack Co- Chatham,,United Kingdom,GBR,London,45FD5,3760fdc1-f8ab-580a-85ca-8a744adf3502,2025-09-27,2025-09-27 12:56:44.000,2025-09-27,2025-09-27 13:11:42.000,consumer_to_merchant,5,"restaurant_sustainable_packaging, restaurant_reliable_service, restaurant_great_selection, restaurant_consistent",,Delivery,iOS,Uber Eats
Wing Shack Co,,United Kingdom,GBR,London,6448F,6ee2a8d9-7f76-5b2a-9e13-19c89ef96ef9,2025-09-27,2025-09-27 19:21:14.000,2025-09-27,2025-09-27 21:03:23.000,consumer_to_merchant,1,"restaurant_missed_request, restaurant_not_tasty, restaurant_too_slow, restaurant_not_worth_price, restaurant_poor_packaging, restaurant_unsustainable_packaging",,Delivery,iOS,Uber Eats
Wing Shack (Midland Road LU2),,United Kingdom,GBR,London,90B0B,ae05d999-981f-5f96-83f1-674e2410f9f2,2025-09-27,2025-09-27 18:04:26.000,2025-09-27,2025-09-27 19:07:09.000,consumer_to_merchant,5,"restaurant_sustainable_packaging, restaurant_reliable_service, restaurant_consistent",,Delivery,iOS,Uber Eats
Wing Shack Co- Chatham,,United Kingdom,GBR,London,9EDD9,4d79dccb-59f3-5ac1-b957-45ae3840c3c3,2025-09-27,2025-09-27 15:39:06.000,2025-09-27,2025-09-27 16:03:15.000,consumer_to_merchant,5,"restaurant_sustainable_packaging, restaurant_reliable_service, restaurant_great_selection, restaurant_consistent",,Delivery,iOS,Uber Eats
Wing Shack Co- Chatham,,United Kingdom,GBR,London,E0649,cf85d56d-17aa-5017-9b8f-795d1bfc8e9a,2025-09-28,2025-09-28 19:05:12.000,2025-09-28,2025-09-28 20:12:11.000,consumer_to_merchant,5,,,Delivery,iOS,Uber Eats
Wing Shack (Midland Road LU2),,United Kingdom,GBR,London,4EF80,1635643d-4a63-5f59-ab8b-e912afff6a93,2025-09-29,2025-09-29 18:52:23.000,2025-09-29,2025-09-29 19:58:46.000,consumer_to_merchant,5,"restaurant_sustainable_packaging, restaurant_great_selection",,Delivery,iOS,Uber Eats
Wing Shack Co- Chatham,,United Kingdom,GBR,London,5C111,e47c9440-ee06-599f-bec6-6c5baf23fb2d,2025-09-30,2025-09-30 12:32:15.000,2025-09-30,2025-09-30 13:42:44.000,consumer_to_merchant,4,,Need to add some tissues,Delivery,iOS,Uber Eats
Wing Shack Co - Maidstone,,United Kingdom,GBR,Brighton and Sussex,3E220,991f19ea-489f-5c35-8f3d-4378ddcac116,2025-10-03,2025-10-03 16:25:52.000,2025-10-03,2025-10-03 17:01:33.000,consumer_to_merchant,5,,,Delivery,iOS,Uber Eats
Wing Shack Co- Chatham,,United Kingdom,GBR,London,54FA6,b2c356e0-cf28-575f-8f2a-6a87d37e2b38,2025-10-04,2025-10-04 12:28:07.000,2025-10-04,2025-10-04 13:12:13.000,consumer_to_merchant,4,,Good flavours,Delivery,iOS,Uber Eats
Wing Shack Co - Maidstone,,United Kingdom,GBR,Brighton and Sussex,BAFD7,b9208d2d-f000-5147-b9b1-aeaabbcf5626,2025-10-04,2025-10-04 18:07:56.000,2025-10-04,2025-10-04 18:58:44.000,consumer_to_merchant,2,"restaurant_missed_request, restaurant_too_slow",,Delivery,iOS,Uber Eats
Wing Shack (Midland Road LU2),,United Kingdom,GBR,London,0E09E,779a32c9-c247-5623-8a6f-d41056a83047,2025-10-05,2025-10-05 01:09:35.000,2025-10-05,2025-10-05 02:05:29.000,consumer_to_merchant,1,"restaurant_not_tasty, restaurant_too_slow",,Delivery,iOS,Uber Eats
Wing Shack Co - Maidstone,,United Kingdom,GBR,Brighton and Sussex,F2501,787c7ff9-7aec-517c-ac1a-32a0f08349eb,2025-10-05,2025-10-05 14:47:03.000,2025-10-05,2025-10-05 16:36:09.000,consumer_to_merchant,4,,,Delivery,iOS,Uber Eats
Wing Shack Co- Chatham,,United Kingdom,GBR,London,64478,10a8ef45-8efa-585a-994f-742e35ff80f8,2025-10-06,2025-10-06 18:18:41.000,2025-10-06,2025-10-06 19:29:44.000,consumer_to_merchant,5,restaurant_sustainable_packaging,,Delivery,iOS,Uber Eats
Wing Shack (Midland Road LU2),,United Kingdom,GBR,London,8DBBB,4d92771b-220c-59a5-a956-309ed3f7a9c5,2025-10-05,2025-10-05 14:18:56.000,2025-10-06,2025-10-06 11:38:22.000,consumer_to_merchant,5,,,Delivery,iOS,Uber Eats
Wing Shack Co- Chatham,,United Kingdom,GBR,London,42E17,0951884b-6970-5c6a-86ca-91f7827f1ea8,2025-10-06,2025-10-06 14:29:16.000,2025-10-07,2025-10-07 00:52:26.000,consumer_to_merchant,5,"restaurant_convenient, restaurant_store_accommodating, restaurant_sustainable_packaging, restaurant_reliable_service, restaurant_consistent",,Delivery,iOS,Uber Eats
Wing Shack Co- Chatham,,United Kingdom,GBR,London,769A8,19219da5-95b0-54b1-92fe-972ca52bd29e,2025-10-08,2025-10-08 14:58:04.000,2025-10-08,2025-10-08 15:49:55.000,consumer_to_merchant,1,restaurant_not_tasty,,Delivery,Android,Uber Eats
